"0","# function to compute robust standard errors for lm"
"0","compute_lm_rse = function(lmodel) {"
"0","  vcov = vcovHC(lmodel, ""HC1"")"
"0","  se = sqrt(diag(vcov))"
"0","}"
"0","# function to easily pass lm results to stargazer"
"0","lm_robust = function(lm_formula, data) {"
"0","  lm_result = lm(lm_formula, data)"
"0","  lm_se = compute_lm_rse(lm_result)"
"0","  return(list(""result"" = lm_result, ""rse"" = lm_se))"
"0","}"
"0","# summary of OLS with robust standard errors"
"0","print_lm_robust = function(lmodel){"
"0","  results_robust = coeftest(lmodel, vcov = vcovHC(lmodel, ""HC1""))"
"0","  print(results_robust)"
"0","}"
