{"chunk_definitions":[{"chunk_id":"csetup_chunk","chunk_label":"setup","document_id":"2AFAA6D2","expansion_state":0,"options":{"engine":"r","include":false,"label":"setup"},"row":9,"row_count":1,"visible":true},{"chunk_id":"czefxrdrn6z6l","chunk_label":"unnamed-chunk-1","document_id":"2AFAA6D2","expansion_state":0,"options":{"engine":"r","label":"unnamed-chunk-7"},"row":16,"row_count":1,"visible":true},{"chunk_id":"cenjb47hrrmoy","chunk_label":"unnamed-chunk-3","document_id":"2AFAA6D2","expansion_state":0,"options":{"engine":"r","label":"unnamed-chunk-16"},"row":54,"row_count":1,"visible":true},{"chunk_id":"cpqfgui2hvhjh","chunk_label":"unnamed-chunk-4","document_id":"2AFAA6D2","expansion_state":0,"options":{"engine":"r","label":"unnamed-chunk-17"},"row":68,"row_count":1,"visible":true},{"chunk_id":"c5pj6z472fm9a","chunk_label":"unnamed-chunk-6","document_id":"2AFAA6D2","expansion_state":0,"options":{"engine":"r","label":"unnamed-chunk-20"},"row":83,"row_count":1,"visible":true},{"chunk_id":"cy82ax290ga1y","chunk_label":"unnamed-chunk-7","document_id":"2AFAA6D2","expansion_state":0,"options":{"engine":"r","label":"unnamed-chunk-21","results":"asis"},"row":101,"row_count":1,"visible":true}],"default_chunk_options":{"echo":true,"error":false},"doc_write_time":1504858490,"working_dir":null}