state,year,period,value,footnotes
Nevada,2016,M12,1429013,Reflects revised population controls and model reestimation.
Nevada,2016,M11,1433620,Reflects revised population controls and model reestimation.
Nevada,2016,M10,1432972,Reflects revised population controls and model reestimation.
Nevada,2016,M09,1432348,Reflects revised population controls and model reestimation.
Nevada,2016,M08,1429173,Reflects revised population controls and model reestimation.
Nevada,2016,M07,1435612,Reflects revised population controls and model reestimation.
Nevada,2016,M06,1427966,Reflects revised population controls and model reestimation.
Nevada,2016,M05,1423834,Reflects revised population controls and model reestimation.
Nevada,2016,M04,1420601,Reflects revised population controls and model reestimation.
Nevada,2016,M03,1422063,Reflects revised population controls and model reestimation.
Nevada,2016,M02,1422269,Reflects revised population controls and model reestimation.
Nevada,2016,M01,1415888,Reflects revised population controls and model reestimation.
Nevada,2015,M12,1416133,Reflects revised population controls and model reestimation.
Nevada,2015,M11,1420319,Reflects revised population controls and model reestimation.
Nevada,2015,M10,1418667,Reflects revised population controls and model reestimation.
Nevada,2015,M09,1417176,Reflects revised population controls and model reestimation.
Nevada,2015,M08,1417123,Reflects revised population controls and model reestimation.
Nevada,2015,M07,1421677,Reflects revised population controls and model reestimation.
Nevada,2015,M06,1418335,Reflects revised population controls and model reestimation.
Nevada,2015,M05,1415240,Reflects revised population controls and model reestimation.
Nevada,2015,M04,1412033,Reflects revised population controls and model reestimation.
Nevada,2015,M03,1407681,Reflects revised population controls and model reestimation.
Nevada,2015,M02,1409222,Reflects revised population controls and model reestimation.
Nevada,2015,M01,1402923,Reflects revised population controls and model reestimation.
Nevada,2014,M12,1398606,Reflects revised population controls and model reestimation.
Nevada,2014,M11,1402954,Reflects revised population controls and model reestimation.
Nevada,2014,M10,1401905,Reflects revised population controls and model reestimation.
Nevada,2014,M09,1398955,Reflects revised population controls and model reestimation.
Nevada,2014,M08,1396927,Reflects revised population controls and model reestimation.
Nevada,2014,M07,1401642,Reflects revised population controls and model reestimation.
Nevada,2014,M06,1396626,Reflects revised population controls and model reestimation.
Nevada,2014,M05,1394006,Reflects revised population controls and model reestimation.
Nevada,2014,M04,1388255,Reflects revised population controls and model reestimation.
Nevada,2014,M03,1393366,Reflects revised population controls and model reestimation.
Nevada,2014,M02,1389152,Reflects revised population controls and model reestimation.
Nevada,2014,M01,1382100,Reflects revised population controls and model reestimation.
Nevada,2013,M12,1376882,Reflects revised population controls and model reestimation.
Nevada,2013,M11,1381208,Reflects revised population controls and model reestimation.
Nevada,2013,M10,1378246,Reflects revised population controls and model reestimation.
Nevada,2013,M09,1382811,Reflects revised population controls and model reestimation.
Nevada,2013,M08,1384472,Reflects revised population controls and model reestimation.
Nevada,2013,M07,1390907,Reflects revised population controls and model reestimation.
Nevada,2013,M06,1388328,Reflects revised population controls and model reestimation.
Nevada,2013,M05,1383063,Reflects revised population controls and model reestimation.
Nevada,2013,M04,1379077,Reflects revised population controls and model reestimation.
Nevada,2013,M03,1380144,Reflects revised population controls and model reestimation.
Nevada,2013,M02,1381927,Reflects revised population controls and model reestimation.
Nevada,2013,M01,1378629,Reflects revised population controls and model reestimation.
Nevada,2012,M12,1375637,Reflects revised population controls and model reestimation.
Nevada,2012,M11,1378697,Reflects revised population controls and model reestimation.
Nevada,2012,M10,1380107,Reflects revised population controls and model reestimation.
Nevada,2012,M09,1379448,Reflects revised population controls and model reestimation.
Nevada,2012,M08,1378528,Reflects revised population controls and model reestimation.
Nevada,2012,M07,1384033,Reflects revised population controls and model reestimation.
Nevada,2012,M06,1379448,Reflects revised population controls and model reestimation.
Nevada,2012,M05,1376253,Reflects revised population controls and model reestimation.
Nevada,2012,M04,1371117,Reflects revised population controls and model reestimation.
Nevada,2012,M03,1372530,Reflects revised population controls and model reestimation.
Nevada,2012,M02,1373443,Reflects revised population controls and model reestimation.
Nevada,2012,M01,1367339,Reflects revised population controls and model reestimation.
Nevada,2011,M12,1372017,
Nevada,2011,M11,1375890,
Nevada,2011,M10,1375870,
Nevada,2011,M09,1376196,
Nevada,2011,M08,1376209,
Nevada,2011,M07,1378777,
Nevada,2011,M06,1373654,
Nevada,2011,M05,1371783,
Nevada,2011,M04,1370856,
Nevada,2011,M03,1369980,
Nevada,2011,M02,1370619,
Nevada,2011,M01,1365532,
Nevada,2010,M12,1363038,
Nevada,2010,M11,1363992,
Nevada,2010,M10,1360418,
Nevada,2010,M09,1361013,
Nevada,2010,M08,1361085,
Nevada,2010,M07,1364866,
Nevada,2010,M06,1359001,
Nevada,2010,M05,1357873,
Nevada,2010,M04,1357060,
Nevada,2010,M03,1352551,
Nevada,2010,M02,1353773,
Nevada,2010,M01,1348276,
Nevada,2009,M12,1341802,
Nevada,2009,M11,1343754,
Nevada,2009,M10,1343292,
Nevada,2009,M09,1344354,
Nevada,2009,M08,1347013,
Nevada,2009,M07,1352925,
Nevada,2009,M06,1351393,
Nevada,2009,M05,1348106,
Nevada,2009,M04,1349093,
Nevada,2009,M03,1351591,
Nevada,2009,M02,1359289,
Nevada,2009,M01,1358979,
Nevada,2008,M12,1361525,
Nevada,2008,M11,1365874,
Nevada,2008,M10,1368837,
Nevada,2008,M09,1368115,
Nevada,2008,M08,1370614,
Nevada,2008,M07,1373451,
Nevada,2008,M06,1368293,
Nevada,2008,M05,1363357,
Nevada,2008,M04,1360849,
Nevada,2008,M03,1356089,
Nevada,2008,M02,1355187,
Nevada,2008,M01,1350690,
Nevada,2007,M12,1345718,
Nevada,2007,M11,1345511,
Nevada,2007,M10,1339322,
Nevada,2007,M09,1336230,
Nevada,2007,M08,1333981,
Nevada,2007,M07,1336109,
Nevada,2007,M06,1331343,
Nevada,2007,M05,1325032,
Nevada,2007,M04,1320830,
Nevada,2007,M03,1320196,
Nevada,2007,M02,1319083,
Nevada,2007,M01,1311399,
Nevada,2006,M12,1308795,
Nevada,2006,M11,1306995,
Nevada,2006,M10,1303213,
Nevada,2006,M09,1299453,
Nevada,2006,M08,1297618,
Nevada,2006,M07,1295442,
Nevada,2006,M06,1288551,
Nevada,2006,M05,1278197,
Nevada,2006,M04,1271574,
Nevada,2006,M03,1265282,
Nevada,2006,M02,1259892,
Nevada,2006,M01,1248803,
Nevada,2005,M12,1243843,
Nevada,2005,M11,1243645,
Nevada,2005,M10,1240420,
Nevada,2005,M09,1236271,
Nevada,2005,M08,1233178,
Nevada,2005,M07,1233232,
Nevada,2005,M06,1225604,
Nevada,2005,M05,1217175,
Nevada,2005,M04,1212140,
Nevada,2005,M03,1203792,
Nevada,2005,M02,1201673,
Nevada,2005,M01,1195000,
Nevada,2004,M12,1192988,
Nevada,2004,M11,1193762,
Nevada,2004,M10,1190122,
Nevada,2004,M09,1184801,
Nevada,2004,M08,1182705,
Nevada,2004,M07,1184637,
Nevada,2004,M06,1177881,
Nevada,2004,M05,1170002,
Nevada,2004,M04,1167104,
Nevada,2004,M03,1164122,
Nevada,2004,M02,1163497,
Nevada,2004,M01,1159984,
Nevada,2003,M12,1155952,
Nevada,2003,M11,1157706,
Nevada,2003,M10,1155266,
Nevada,2003,M09,1152614,
Nevada,2003,M08,1150760,
Nevada,2003,M07,1151501,
Nevada,2003,M06,1147146,
Nevada,2003,M05,1140212,
Nevada,2003,M04,1138115,
Nevada,2003,M03,1138842,
Nevada,2003,M02,1140536,
Nevada,2003,M01,1135777,
Nevada,2002,M12,1133782,
Nevada,2002,M11,1134735,
Nevada,2002,M10,1134838,
Nevada,2002,M09,1133181,
Nevada,2002,M08,1133071,
Nevada,2002,M07,1135332,
Nevada,2002,M06,1130135,
Nevada,2002,M05,1126821,
Nevada,2002,M04,1124468,
Nevada,2002,M03,1124349,
Nevada,2002,M02,1125123,
Nevada,2002,M01,1120170,
Nevada,2001,M12,1121315,
Nevada,2001,M11,1121813,
Nevada,2001,M10,1121482,
Nevada,2001,M09,1119914,
Nevada,2001,M08,1117995,
Nevada,2001,M07,1119766,
Nevada,2001,M06,1113451,
Nevada,2001,M05,1106119,
Nevada,2001,M04,1103440,
Nevada,2001,M03,1102159,
Nevada,2001,M02,1102179,
Nevada,2001,M01,1095321,
Nevada,2000,M12,1088453,
Nevada,2000,M11,1087747,
Nevada,2000,M10,1083847,
Nevada,2000,M09,1080514,
Nevada,2000,M08,1076547,
Nevada,2000,M07,1073471,
Nevada,2000,M06,1066845,
Nevada,2000,M05,1057926,
Nevada,2000,M04,1052452,
Nevada,2000,M03,1048364,
Nevada,2000,M02,1047093,
Nevada,2000,M01,1041009,
