"0","iv_1 = iv_robust(logpgp95 ~ avexpr | logem4, ajr_base)"
"1","[1]"
"1"," ""Robust Standard Errors"""
"1","
"
"0","iv_2 = iv_robust(logpgp95 ~ avexpr + lat_abst | logem4  + lat_abst, ajr_base)"
"1","[1]"
"1"," ""Robust Standard Errors"""
"1","
"
"0","ajr_noneo = ajr_base %>% "
"0","  filter(!rich4 == 1)"
"0","iv_3 = iv_robust(logpgp95 ~ avexpr | logem4, ajr_noneo)"
"1","[1]"
"1"," ""Robust Standard Errors"""
"1","
"
"0","iv_4 = iv_robust(logpgp95 ~ avexpr + lat_abst | logem4  + lat_abst, ajr_noneo)"
"1","[1]"
"1"," ""Robust Standard Errors"""
"1","
"
