{"chunk_definitions":[{"chunk_id":"csetup_chunk","chunk_label":"setup","document_id":"EC078143","expansion_state":0,"options":{"engine":"r","include":false,"label":"setup"},"row":9,"row_count":1,"visible":true},{"chunk_id":"cjhpycft8au6h","chunk_label":"unnamed-chunk-1","document_id":"EC078143","expansion_state":0,"options":{"engine":"r","label":"unnamed-chunk-229","message":false},"row":24,"row_count":1,"visible":true},{"chunk_id":"cnndcxz1wlgdl","chunk_label":"unnamed-chunk-2","document_id":"EC078143","expansion_state":0,"options":{"engine":"r","label":"unnamed-chunk-230"},"row":42,"row_count":1,"visible":true},{"chunk_id":"c6qgunr27yly5","chunk_label":"unnamed-chunk-3","document_id":"EC078143","expansion_state":0,"options":{"engine":"r","label":"unnamed-chunk-231"},"row":55,"row_count":1,"visible":true},{"chunk_id":"cqvzkbw7rfmgs","chunk_label":"unnamed-chunk-4","document_id":"EC078143","expansion_state":0,"options":{"engine":"r","label":"unnamed-chunk-232"},"row":73,"row_count":1,"visible":true},{"chunk_id":"c4sq66t8bopv0","chunk_label":"unnamed-chunk-5","document_id":"EC078143","expansion_state":0,"options":{"engine":"r","label":"unnamed-chunk-233"},"row":92,"row_count":1,"visible":true},{"chunk_id":"c9hyynlwqeo4q","chunk_label":"unnamed-chunk-6","document_id":"EC078143","expansion_state":0,"options":{"engine":"r","label":"unnamed-chunk-234"},"row":103,"row_count":1,"visible":true},{"chunk_id":"cy4jal90n3ovj","chunk_label":"unnamed-chunk-7","document_id":"EC078143","expansion_state":0,"options":{"engine":"r","label":"unnamed-chunk-235"},"row":115,"row_count":1,"visible":true},{"chunk_id":"cpnqsgi987xk6","chunk_label":"unnamed-chunk-8","document_id":"EC078143","expansion_state":0,"options":{"engine":"r","label":"unnamed-chunk-236"},"row":127,"row_count":1,"visible":true},{"chunk_id":"c2a4vfz0ud6s3","chunk_label":"unnamed-chunk-9","document_id":"EC078143","expansion_state":0,"options":{"engine":"r","label":"unnamed-chunk-237"},"row":136,"row_count":1,"visible":true},{"chunk_id":"csrqk6ipwknih","chunk_label":"unnamed-chunk-10","document_id":"EC078143","expansion_state":0,"options":{"engine":"r","label":"unnamed-chunk-238"},"row":146,"row_count":1,"visible":true},{"chunk_id":"c3vnsbwny01bn","chunk_label":"unnamed-chunk-11","document_id":"EC078143","expansion_state":0,"options":{"engine":"r","label":"unnamed-chunk-239"},"row":152,"row_count":1,"visible":true}],"chunk_rendered_width":400,"default_chunk_options":{"echo":true,"error":false},"doc_write_time":1505078598,"working_dir":null}