{"chunk_definitions":[{"chunk_id":"csetup_chunk","chunk_label":"setup","document_id":"A4E768E2","expansion_state":0,"options":{"engine":"r","include":false,"label":"setup"},"row":9,"row_count":1,"visible":true},{"chunk_id":"cmer1ti06efot","chunk_label":"unnamed-chunk-1","document_id":"A4E768E2","expansion_state":0,"options":{"engine":"r","label":"unnamed-chunk-100","message":false},"row":22,"row_count":1,"visible":true},{"chunk_id":"cv23qktd0zst3","chunk_label":"unnamed-chunk-2","document_id":"A4E768E2","expansion_state":0,"options":{"engine":"r","label":"unnamed-chunk-101"},"row":44,"row_count":1,"visible":true},{"chunk_id":"cf873one8weow","chunk_label":"unnamed-chunk-3","document_id":"A4E768E2","expansion_state":0,"options":{"engine":"r","label":"unnamed-chunk-102"},"row":57,"row_count":1,"visible":true},{"chunk_id":"ce9vyrclqpntc","chunk_label":"unnamed-chunk-4","document_id":"A4E768E2","expansion_state":0,"options":{"engine":"r","label":"unnamed-chunk-103"},"row":68,"row_count":1,"visible":true},{"chunk_id":"cs4x26p8x4hfj","chunk_label":"unnamed-chunk-5","document_id":"A4E768E2","expansion_state":0,"options":{"engine":"r","label":"unnamed-chunk-104","results":"asis"},"row":77,"row_count":1,"visible":true},{"chunk_id":"cdc0qp84enk34","chunk_label":"unnamed-chunk-6","document_id":"A4E768E2","expansion_state":0,"options":{"engine":"r","label":"unnamed-chunk-105"},"row":87,"row_count":1,"visible":true},{"chunk_id":"cgezco8xa54xu","chunk_label":"unnamed-chunk-7","document_id":"A4E768E2","expansion_state":0,"options":{"engine":"r","label":"unnamed-chunk-106"},"row":97,"row_count":1,"visible":true},{"chunk_id":"ckur0f0j0uu3w","chunk_label":"unnamed-chunk-8","document_id":"A4E768E2","expansion_state":0,"options":{"engine":"r","label":"unnamed-chunk-107"},"row":114,"row_count":1,"visible":true},{"chunk_id":"c5ckdpur6h3ci","chunk_label":"unnamed-chunk-9","document_id":"A4E768E2","expansion_state":0,"options":{"engine":"r","label":"unnamed-chunk-108"},"row":121,"row_count":1,"visible":true},{"chunk_id":"cxn4yrspk54uz","chunk_label":"unnamed-chunk-10","document_id":"A4E768E2","expansion_state":0,"options":{"engine":"r","label":"unnamed-chunk-109"},"row":126,"row_count":1,"visible":true},{"chunk_id":"cs992ipqin203","chunk_label":"unnamed-chunk-11","document_id":"A4E768E2","expansion_state":0,"options":{"engine":"r","label":"unnamed-chunk-110"},"row":137,"row_count":1,"visible":true},{"chunk_id":"ch8rfle7pcegu","chunk_label":"unnamed-chunk-12","document_id":"A4E768E2","expansion_state":0,"options":{"engine":"r","label":"unnamed-chunk-111"},"row":149,"row_count":1,"visible":true},{"chunk_id":"ck4lhren0tedr","chunk_label":"unnamed-chunk-13","document_id":"A4E768E2","expansion_state":0,"options":{"engine":"r","label":"unnamed-chunk-112","results":"asis"},"row":158,"row_count":1,"visible":true},{"chunk_id":"cx1njudissdzc","chunk_label":"unnamed-chunk-14","document_id":"A4E768E2","expansion_state":0,"options":{"engine":"r","label":"unnamed-chunk-113"},"row":169,"row_count":1,"visible":true},{"chunk_id":"ccu97ipbk4xz1","chunk_label":"unnamed-chunk-15","document_id":"A4E768E2","expansion_state":0,"options":{"engine":"r","label":"unnamed-chunk-114","results":"asis"},"row":180,"row_count":1,"visible":true}],"chunk_rendered_width":700,"default_chunk_options":{"echo":true,"error":false},"doc_write_time":1505063671,"working_dir":null}